cycle,investor_count,member_count,nursery_count,length(trees where ((each.type = NATIVE) and (each.state = SEEDLING))),length(trees where ((each.type = NATIVE) and (each.state = SAPLING))),length(trees where ((each.type = NATIVE) and (each.state = POLE))),length(trees where ((each.type = NATIVE) and (each.state = ADULT))),length(trees where ((each.type = EXOTIC) and (each.state = SEEDLING))),length(trees where ((each.type = EXOTIC) and (each.state = SAPLING))),length(trees where ((each.type = EXOTIC) and (each.state = POLE))),length(trees where ((each.type = EXOTIC) and (each.state = ADULT))),management_running_cost,ITP_running_earning,net_running_earning,total_partners_earning,total_independent_earning,investor_total_profit,total_investment_cost,total_investments
661,15,10,1,104184,230967,56417,20457,18413,22341,4407,22562,41137920.382893205,91220461.57685874,50082541.19396554,1073330.1499559216,0.0,1402139.495511546,3295247.452499999,29
661,15,10,2,103600,227942,56024,20403,18369,22353,4313,22515,42827752.38980593,92074860.58859813,49247108.198792204,1146511.1594863452,0.0,1681230.805545404,3749764.3424999993,33
661,15,10,4,103243,224719,54859,20433,18407,22771,4317,22919,44910498.96011045,89389320.34316325,44478821.3830528,1349354.2152377437,0.0,1596597.6009996955,3636135.12,32
661,15,20,1,107735,241863,62407,20550,16665,20483,4097,20429,48935775.55850688,98484264.90088384,49548489.342376955,2178860.7696859674,0.0,1033821.526926448,2840730.5625,25
661,15,20,2,108026,242630,62985,20519,16668,20767,4279,20270,50861396.55033863,98702215.38450864,47840818.834170006,2364828.426193648,0.0,1452162.1938745533,3863393.5649999995,34
661,15,20,4,107252,237540,61466,20542,17032,21146,4154,20875,51571601.61920269,95703743.77880181,44132142.159599125,2425227.468672961,0.0,1236375.0415467978,2840730.5625,25
661,15,30,1,111658,254662,68221,20367,14563,18214,3836,17671,57903556.60095369,99842525.68361247,41938969.082658775,3335587.306716472,15249.462952628033,1147222.7209743205,3295247.4524999997,29
